<?xml version="1.0" encoding="UTF-8"?>
<beans	xmlns="http://www.springframework.org/schema/beans"
		xmlns:context="http://www.springframework.org/schema/context"
		xmlns:xsi="http://www.w3.org/2001/XMLSchema-instance"
		xsi:schemaLocation="
			http://www.springframework.org/schema/beans
			http://www.springframework.org/schema/beans/spring-beans-2.5.xsd
			http://www.springframework.org/schema/context
			http://www.springframework.org/schema/context/spring-context-2.5.xsd">
    
	<bean id="mother" class="com.company.common.Person">
		<property name="firstName" value="Maria"/>
		<property name="lastName" value="Ivanova"/>
		<property name="age" value="45"/>
	</bean>
	
	<bean id="father" class="com.company.common.Person">
		<property name="firstName" value="Ivan"/>
		<property name="lastName" value="Ivanov"/>
		<property name="age" value="47"/>
	</bean>

	<bean id="son" class="com.company.common.Person" autowire="byName">
		<property name="firstName" value="Petr"/>
		<property name="lastName" value="Ivanov"/>
		<property name="age" value="20"/>
	</bean>
</beans>